skewt_RMSPE,arima_RMSPE,skewt_CRPS,arima_CRPS
0.33321998465494856,0.29846043043055737,0.18873019790353013,0.17575003995798258
0.4044851793467445,0.4611136790803834,0.21939130085471203,0.2722045718900786
0.3066358034024057,0.6318399493905159,0.21097487552840322,0.38870426814529674
