skewt_RMSPE,arima_RMSPE,skewt_CRPS,arima_CRPS
0.41425246958973383,0.5781352660080222,0.22604526632122388,0.33688070695437733
0.6858841312363729,0.7854763950882867,0.39623253170905237,0.4418082693311758
