skewt_RMSPE,arima_RMSPE,skewt_CRPS,arima_CRPS
0.3047152300581844,0.34162848923071615,0.17546898586238652,0.20761408072057744
0.20163969056909112,0.3347013291952403,0.12986633682746562,0.19139042278192078
0.33253272755653407,0.642840122574584,0.20880569123250453,0.5240292643028811
0.8659624287207385,1.2290614926736896,0.5440123091431615,0.8015693691756587
