skewt_RMSPE,arima_RMSPE,skewt_CRPS,arima_CRPS
0.3194215376993468,0.24838982141386678,0.19024151408374124,0.15728404234264523
1.9010660035197444,1.8777667037851147,0.959806099611379,0.9591561149159415
