skewt_RMSPE,arima_RMSPE,skewt_CRPS,arima_CRPS
0.1773174002553338,0.193405131098028,0.10789229471716036,0.11655169288795647
0.3074134340340338,0.33111383367623604,0.17944108822639626,0.1977553699941581
0.23066968958755704,0.19445098387986065,0.14417717876844136,0.11510611528499544
