skewt_RMSPE,arima_RMSPE,skewt_CRPS,arima_CRPS
0.25451690548239164,0.3137739393300319,0.1431599570002279,0.18302963634369807
0.16632695075864765,0.1990596699505234,0.11354277435508468,0.1211161210914129
