skewt_RMSPE,arima_RMSPE,skewt_CRPS,arima_CRPS
0.2385940084876734,0.6094172454134709,0.14177358801153717,0.37093778315816817
0.49685907188411027,0.6241815758145349,0.2564526169546284,0.41240992864983056
