skewt_RMSPE,arima_RMSPE,skewt_CRPS,arima_CRPS
0.4906300969310238,0.49422503574378507,0.2843708412885956,0.29390466242648455
0.27704800084046777,0.15650561056005347,0.1397606300705927,0.1302002735633024
0.2879531599465553,0.37452305640455014,0.17141801562322664,0.22843099919444312
