skewt_RMSPE,arima_RMSPE,skewt_CRPS,arima_CRPS
0.3251524934838502,0.3279563968038892,0.19293916710292291,0.2033276153295801
0.1909138480450549,0.19638398152697586,0.13114301945614953,0.12331188962213262
