skewt_RMSPE,arima_RMSPE,skewt_CRPS,arima_CRPS
0.23218541590957556,0.21701154651701174,0.15579898352299595,0.18069832788068937
0.2636632528847546,0.24364633030501714,0.13954283698811745,0.15060340014317428
0.702248156462212,0.5945905976846548,0.42400371543580817,0.3631775019735203
