skewt_RMSPE,arima_RMSPE,skewt_CRPS,arima_CRPS
0.5964533884183026,0.4868801355550637,0.3673381763814965,0.4485887002932314
0.5025165811207126,0.12254526149653748,0.2804416653526193,0.12950315582619287
0.06754474401813582,0.5529999993098045,0.10931557675626077,0.5529999993098045
